review_text,moderation_hate,moderation_threatening,moderation_harassment,moderation_ok,moderation_sexual,moderation_sexual_minors,moderation_self_harm,moderation_violence,moderation_graphic_violence,no_propaganda,propaganda,not_sensational,sensational,lean_left,lean_center,lean_right,admiration,amusement,anger,annoyance,approval,caring,confusion,curiosity,desire,disappointment,disapproval,disgust,embarassment,excitement,fear,gratitude,grief,joy,love,nervousness,optimism,pride,realization,relief,remorse,sadness,surprise,neutral,not_toxic,toxic,irony,non_irony,non_abusive,abusive,non_suicidal,suicidal,agreeableness,openness,conscientiousness,extraversion,neuroticism,negative_sentiment,neutral_sentiment,positive_sentiment,non_offensive,offensive,empathy,no_distortion,personalization,emotional_reasoning,overgeneralizing,labeling,should_statements,catastrophizing,reward_fallacy,not_action_decision,action_decision,severely_depressed,moderately_depressed,not_depressed,non_nsfw,nsfw,jailbreak_benign,jailbreak,refutation,non_refutation,non_sarcasm,sarcasm,bias_racial,bias_religious,bias_gender,bias_age,bias_nationality,bias_sexuality,bias_socioeconomic,bias_educational,bias_disability,bias_political,bias_physical,good_vibes,no_vibes,bad_vibes,non_namecalling,namecalling,non_rejection,rejection,fear_mongering,non_fear_mongering,flattery,social_cold,social_arrogant_calculating,social_aloof_introverted,social_assured_dominant,social_unassuming_ingenuous,social_unassured_submissive,social_warm_agreeable,social_gregarious_extraverted,social_not_available,not_joke,joke,comm_communion,comm_agency,comm_none,gibberish_clean,gibberish_mild,gibberish_noise,gibberish_word_salad,male,female
"She is super helpful and always wanting to give people extra credit on exams. I probably should have got a C in this class but got an A- due to her grading style. Only exams are graded, they are hard but she preps you well & they are open note (1 page 2sided). She also gives extra credit points for attendance (even if you just join zoom).",0.0015631276182830334,2.5657733203843236e-4,5.187058704905212e-4,0.9939929842948914,5.946765886619687e-4,3.464431210886687e-4,0.0013592084869742393,8.150461362674832e-4,5.533171351999044e-4,0.9993416666984558,6.583284703083336e-4,0.9999442100524902,5.57626954105217e-5,0.5275981426239014,0.2229471504688263,0.24945467710494995,0.8306823968887329,1.250198984052986e-4,2.6134104700759053e-4,0.0017400410724803805,0.07426989823579788,0.0025035475846379995,2.837934298440814e-4,1.809457316994667e-4,0.0012028018245473504,0.0015691022854298353,0.0022486152593046427,2.1468789782375097e-4,1.5116318536456674e-4,8.101456332951784e-4,1.4521149569191039e-4,0.011564850807189941,1.75569235580042e-4,8.777637267485261e-4,3.012754023075104e-4,7.047670078463852e-5,0.007743324153125286,0.0036681422498077154,0.005577849689871073,0.0012133389245718718,2.0909735758323222e-4,3.936263674404472e-4,2.5076279416680336e-4,0.05156530812382698,0.9997374415397644,2.625798515509814e-4,0.8540983200073242,0.1459016352891922,0.9913923740386963,0.008607580326497555,0.9980016350746155,0.0019983258098363876,0.20216625928878784,0.21273262798786163,0.1679069697856903,0.23039506375789642,0.1867990791797638,0.01313036773353815,0.056832972913980484,0.9300366640090942,0.9962320923805237,0.0037678866647183895,0.6838510036468506,0.007630078587681055,0.0024802156258374453,2.9226031620055437e-4,0.016646748408675194,0.002352275652810931,0.05683402717113495,0.886582612991333,0.027181880548596382,0.12004099041223526,0.8799590468406677,0.006134921219199896,0.05249957740306854,0.9413655400276184,0.9536393284797668,0.046360697597265244,0.8224515914916992,0.1775483787059784,0.592171847820282,0.4078281819820404,0.9907475709915161,0.009252439253032207,0.005453433375805616,7.305632607312873e-5,0.8977345824241638,3.3089646603912115e-4,0.006319080479443073,2.127820043824613e-4,3.433820966165513e-4,0.08827237039804459,7.144907140173018e-4,5.440145105239935e-5,4.914388991892338e-4,0.04618832841515541,0.8909241557121277,0.06288745999336243,0.9996838569641113,3.1614865292795e-4,0.9999653100967407,3.46834676747676e-5,6.150442999341976e-8,0.9999998807907104,0.9996217489242554,0.031054573133587837,0.05382714793086052,0.03921760991215706,0.05674078315496445,0.10686354339122772,0.08440092951059341,0.2594074606895447,0.36063405871391296,0.007853838615119457,0.6990214586257935,0.30097851157188416,0.852161705493927,0.14232343435287476,0.005514831747859716,0.23873774707317352,0.7581446170806885,6.821774877607822e-4,0.0024354360066354275,2.3083750022578897e-8,1
"Not a Fan. Honestly, probably the worst professors I've had as of yet (3rd yr MechE). Lectures are an absolute waste of time, messy, incoherent, and are unneccesary. Be ready to teach yourself. Chegg is the only way I got through the HW, and the exams were (mostly) from the textbook, although he pulled out stupid stuff for the final. Just avoid.",0.003444101195782423,5.819752113893628e-4,0.0014613522216677666,0.982452392578125,8.984800078906119e-4,6.631752476096153e-4,0.0067061069421470165,0.002219452988356352,0.0015728631988167763,0.002607859205454588,0.9973920583724976,0.9999058246612549,9.417327964911237e-5,0.2773260176181793,0.13152536749839783,0.5911485552787781,7.785235648043454e-4,6.992043927311897e-4,0.08110258728265762,0.7605119943618774,0.004530587233603001,7.192095508798957e-4,0.0015969255473464727,6.959970341995358e-4,7.047669496387243e-4,0.023982876911759377,0.05461834371089935,0.026370497420430183,0.0021414372604340315,3.0979077564552426e-4,4.911543801426888e-4,3.4107809187844396e-4,1.5833901125006378e-4,3.274237096775323e-4,1.8316289060749114e-4,3.118559834547341e-4,0.0012777852825820446,1.8151215044781566e-4,0.003310228930786252,1.5295676712412387e-4,2.1354321506805718e-4,0.0016456261510029435,4.0309771429747343e-4,0.032239437103271484,0.015904303640127182,0.9840956926345825,0.9661419987678528,0.033858008682727814,0.3183218240737915,0.6816782355308533,0.9851586222648621,0.014841343276202679,0.33719655871391296,0.247750923037529,0.15133272111415863,0.1074499636888504,0.156269833445549,0.9450276494026184,0.04907291755080223,0.005899470299482346,0.0012614004081115127,0.9987385869026184,0.6862021088600159,0.0063665639609098434,0.0051048616878688335,6.77984266076237e-4,0.19088932871818542,0.023838520050048828,0.01042919885367155,0.7614564895629883,0.0012371089542284608,0.5563908219337463,0.44360917806625366,0.013595744036138058,0.11055874079465866,0.8758455514907837,0.13058902323246002,0.8694109320640564,0.9960589408874512,0.003941121976822615,4.502272986428579e-6,0.9999954700469971,0.9911434650421143,0.008856537751853466,1.2051501835230738e-4,5.016225259169005e-5,5.434483682620339e-5,1.4187401393428445e-4,1.5085426275618374e-4,3.5068660508841276e-5,6.0244667110964656e-5,0.9992400407791138,4.472330692806281e-5,2.8895481591462158e-5,7.331373490160331e-5,0.001324751297943294,0.006622307002544403,0.9920529127120972,0.9681797027587891,0.03182031586766243,0.9999387264251709,6.121765909483656e-5,1.3221562085163896e-6,0.9999986886978149,0.037136826664209366,0.546497642993927,0.2080584466457367,0.013979075476527214,0.09753674268722534,0.022792672738432884,0.06488464772701263,0.021016472950577736,0.019580690190196037,0.005653610453009605,0.6619115471839905,0.3380884826183319,0.5443133115768433,0.40093857049942017,0.05474809929728508,0.7335734963417053,0.2631746530532837,7.35767069272697e-4,0.0025161062367260456,0.9999998807907104,8.533282169764789e-8
Very boring lectures but don't skip them otherwise you'll end up being behind. Exams were pretty rough and the homework she gave was extensive and some of the questions on them were never covered in class. Examples she gave in class was helpful though. She wasn't the worst but there's definitely better lecturers out there.,0.001559543190523982,2.62469460722059e-4,5.33088285010308e-4,0.9936163425445557,5.929168546572328e-4,3.664096293505281e-4,0.0014829908031970263,9.200124186463654e-4,6.662574596703053e-4,0.9988547563552856,0.0011452367762103677,0.9999563694000244,4.362839899840765e-5,0.5405611991882324,0.16655877232551575,0.2928800582885742,0.036045659333467484,2.3383450752589852e-4,0.001548799336887896,0.029843144118785858,0.33764752745628357,0.024850960820913315,0.0026490113232284784,5.075071239843965e-4,0.0027246447280049324,0.05430818721652031,0.0874091312289238,0.0016668766038492322,0.0010833031265065074,6.434964598156512e-4,9.760974789969623e-4,0.003875186899676919,8.510983316227794e-4,0.0010149619774892926,8.297960157506168e-4,8.892170735634863e-4,0.05536102131009102,0.002632513176649809,0.04693470522761345,0.006146177649497986,0.001541360397823155,0.0035113936755806208,5.412586033344269e-4,0.2937331199645996,0.99973064661026,2.693538262974471e-4,0.9263022541999817,0.07369780540466309,0.9915111660957336,0.00848881434649229,0.9965834021568298,0.003416609950363636,0.23437094688415527,0.266252338886261,0.1437249481678009,0.16280359029769897,0.19284817576408386,0.8610621094703674,0.12037064880132675,0.01856721006333828,0.984281599521637,0.01571839116513729,0.684707522392273,0.059314653277397156,0.0071222600527107716,3.118018212262541e-4,0.08695171773433685,0.026702387258410454,0.005210247356444597,0.7973974943161011,0.01698940247297287,0.6547735333442688,0.3452264964580536,0.0024447934702038765,0.02939056232571602,0.9681646227836609,0.8730546236038208,0.12694543600082397,0.9963847398757935,0.0036152764223515987,1.93724572454812e-5,0.9999805688858032,0.9840559959411621,0.01594405621290207,0.002195487031713128,4.7114448534557596e-5,0.9065471291542053,2.9505143174901605e-4,0.003063989570364356,1.4482518599834293e-4,3.9962129085324705e-4,0.08620736747980118,4.7634809743613005e-4,4.3252381146885455e-5,5.79755927901715e-4,0.011473086662590504,0.11206617951393127,0.8764606714248657,0.9990183115005493,9.81643097475171e-4,0.9998893737792969,1.1055443610530347e-4,8.318928621520172e-7,0.9999991655349731,0.9996601343154907,0.023978235200047493,0.04034574329853058,0.0698556900024414,0.03696269541978836,0.09953709691762924,0.10124711692333221,0.22736650705337524,0.38887277245521545,0.011834132485091686,0.44459712505340576,0.5554028749465942,0.9829249382019043,0.013434836640954018,0.0036402626428753138,0.9548268914222717,0.043123021721839905,5.332803120836616e-4,0.0015168102690950036,2.2280870481949933e-8,1
"Absolutely, 100% go to this guy if you want to learn something. He turns the difficulty up to 11, but it's worth it. Easily the best CS teacher I've ever had. If you want to do well, you gotta go to recitations, and you gotta pay attention/ask question during class.",0.001984815578907728,2.4358830705750734e-4,6.016732077114284e-4,0.9932177662849426,5.421132664196193e-4,3.17530328175053e-4,0.0015490584773942828,9.402170544490218e-4,6.032192031852901e-4,0.8265928626060486,0.17340721189975739,0.9998582601547241,1.417184539604932e-4,0.3838258981704712,0.18104903399944305,0.43512511253356934,0.7174874544143677,1.4612989616580307e-4,4.642981803044677e-4,0.002187470206990838,0.21850556135177612,0.010195204056799412,2.567839983385056e-4,3.6922539584338665e-4,0.0015988672384992242,5.73314493522048e-4,0.002132811350747943,2.0967103773728013e-4,6.587934331037104e-5,0.001246296800673008,1.6310738283209503e-4,0.0029507228173315525,1.0199924872722477e-4,9.226943366229534e-4,9.201661450788379e-4,7.684804586460814e-5,0.013600166887044907,0.0021875305101275444,0.0025613049510866404,7.415852160193026e-4,1.0905531235039234e-4,2.2977907792665064e-4,1.879557967185974e-4,0.019808072596788406,0.9996160268783569,3.839663986582309e-4,0.9393685460090637,0.06063145026564598,0.991046130657196,0.008953799493610859,0.9986796975135803,0.0013202608097344637,0.2517733573913574,0.1598205417394638,0.11372821033000946,0.26418906450271606,0.21048887073993683,0.009801899082958698,0.02757878042757511,0.9626193642616272,0.9964501857757568,0.0035498295910656452,0.6838935613632202,0.0076490589417517185,0.00863094162195921,8.859267691150308e-4,0.0197498369961977,0.04013876989483833,0.02161703258752823,0.8213489055633545,0.07997957617044449,0.37063923478126526,0.6293607950210571,0.0030187226366251707,0.01981428451836109,0.9771669507026672,0.08650673180818558,0.913493275642395,0.9715502858161926,0.02844966948032379,1.4098072824708652e-5,0.999985933303833,0.9903572201728821,0.009642727673053741,0.00948836375027895,0.0012333891354501247,0.004622389562427998,0.014745041728019714,0.011780581437051296,0.0013718754053115845,3.6383714177645743e-4,0.8639525771141052,0.08972235769033432,4.613055498339236e-4,0.00225833966396749,0.059436000883579254,0.9192109704017639,0.02135308086872101,0.9996390342712402,3.6098487908020616e-4,0.999966025352478,3.391832797206007e-5,2.145429931488252e-7,0.9999997615814209,0.9991545677185059,0.0725904107093811,0.15028059482574463,0.014940163120627403,0.2644445598125458,0.09501886367797852,0.0782870501279831,0.21497109532356262,0.10045084357261658,0.009016419760882854,0.9637546539306641,0.036245349794626236,0.5756288170814514,0.419130802154541,0.005240403115749359,0.5303804874420166,0.46570464968681335,9.951440151780844e-4,0.0029197437688708305,1,1.978298946880841e-8
"Was her first semester teaching this course. The first exam was ROUGH, but because it was her first semester teaching the class she constantly asked for feedback and she actually acted on it by giving extra credit in different forms, going more in depth in topics and grading of exams. Very fair and reasonable professor, even video recorded lectures",0.0017119991825893521,2.3288917145691812e-4,5.189667572267354e-4,0.9940822720527649,6.79285207297653e-4,3.543150669429451e-4,0.0010741990990936756,8.271706174127758e-4,5.189504008740187e-4,0.7078115940093994,0.2921884059906006,0.9999693632125854,3.062029281863943e-5,0.6572532057762146,0.13624341785907745,0.20650337636470795,0.16607701778411865,3.7752217031084e-4,7.342929602600634e-4,0.011716173030436039,0.14977750182151794,5.541891441680491e-4,9.721787646412849e-4,3.9115187246352434e-4,4.604449204634875e-4,0.007934714667499065,0.005094225984066725,0.0012373229255899787,6.642533699050546e-4,8.708497625775635e-4,3.066199424210936e-4,0.003180193714797497,2.46557523496449e-4,7.025105878710747e-4,3.799026017077267e-4,1.498769997851923e-4,0.003604496130719781,0.0025182331446558237,0.04332380369305611,0.001004182267934084,2.4076069530565292e-4,6.327388109639287e-4,9.465759503655136e-4,0.5959018468856812,0.9997389912605286,2.609906659927219e-4,0.7698683738708496,0.23013167083263397,0.9911768436431885,0.00882313959300518,0.9946191310882568,0.005380788818001747,0.16102485358715057,0.23170889914035797,0.1980491578578949,0.22836722433567047,0.18084990978240967,0.01256905123591423,0.11052105575799942,0.8769099116325378,0.9964436888694763,0.003556258277967572,0.6810394525527954,0.442876935005188,0.02359331026673317,0.0013105981051921844,0.03656579926609993,0.03144258260726929,0.01799464039504528,0.32872650027275085,0.11748964339494705,0.12204060703516006,0.8779594302177429,0.004650291055440903,0.029945554211735725,0.9654042720794678,0.11760291457176208,0.8823971152305603,0.9950195550918579,0.0049804383888840675,0.9719150066375732,0.02808496356010437,0.8717541098594666,0.12824587523937225,0.001836027018725872,5.170676013221964e-5,0.033939749002456665,2.6868729037232697e-4,0.002608923241496086,1.5009452181402594e-4,1.0998463403666392e-4,0.9607570171356201,9.412707731826231e-5,5.399894143920392e-5,1.2968802184332162e-4,0.036254316568374634,0.9081887602806091,0.055556926876306534,0.9995525479316711,4.473740409594029e-4,0.9999685287475586,3.1469782697968185e-5,4.9945757751856945e-8,1,0.9979494214057922,0.06005781888961792,0.1159723550081253,0.03131723031401634,0.14345328509807587,0.11825550347566605,0.1023796871304512,0.23444685339927673,0.18365256488323212,0.01046475488692522,0.0643249899148941,0.9356750249862671,0.7750798463821411,0.20828168094158173,0.01663847081363201,0.930223822593689,0.06764824688434601,4.3598588672466576e-4,0.001691832090727985,0.008530410006642342,0.9914695620536804
"It's rare to find a professor that genuinely wants you to succeed as much as he does. With the amount of time he makes himself available to you, it's completely on you if you can't grasp something. He wants you to take something away from this class. Cannot recommend him enough.",0.0016844650963321328,2.8928517713211477e-4,5.713732680305839e-4,0.9930608868598938,6.559717003256083e-4,4.161049146205187e-4,0.0017337888712063432,9.30470007006079e-4,6.575923762284219e-4,0.43001702427864075,0.5699829459190369,0.9998824596405029,1.1753258149838075e-4,0.5223901271820068,0.1653032749891281,0.31230658292770386,0.0032322679180651903,9.190091077471152e-5,4.0847319178283215e-4,0.005171458702534437,0.016499191522598267,0.0026734976563602686,1.8086245108861476e-4,2.1003214351367205e-4,0.0045342352241277695,0.00299170077778399,0.010797721333801746,3.263571998104453e-4,1.0945262329187244e-4,3.1443615444004536e-4,1.1496721708681434e-4,6.940562161616981e-4,9.003155719256029e-5,2.1299425861798227e-4,2.7905945898965e-4,7.370832463493571e-5,0.003755214624106884,2.549953933339566e-4,0.0025264897849410772,2.6520612300373614e-4,1.3711622159462422e-4,4.732298548333347e-4,1.0901561472564936e-4,0.9434723258018494,0.9996322393417358,3.677793429233134e-4,0.9524462819099426,0.04755368456244469,0.9913870692253113,0.008612892590463161,0.9714428186416626,0.02855713851749897,0.15633630752563477,0.21036769449710846,0.15563683211803436,0.18727171421051025,0.29038745164871216,0.07447552680969238,0.20834586024284363,0.7171786427497864,0.9964283108711243,0.0035717461723834276,0.6829946041107178,0.02320503257215023,0.005325836129486561,0.023839600384235382,0.004553546197712421,0.9372382164001465,0.0043635196052491665,6.359017570503056e-4,8.384391549043357e-4,0.801024854183197,0.19897514581680298,0.005189176183193922,0.03164282441139221,0.9631679058074951,0.39646050333976746,0.6035394668579102,0.9952592253684998,0.004740733653306961,1.3244821275293361e-5,0.9999867677688599,0.9748902320861816,0.025109753012657166,2.063939318759367e-4,2.739334559009876e-5,2.294625446666032e-4,2.3254908228409477e-5,4.035616584587842e-4,4.7630946937715635e-5,1.941722584888339e-4,0.9985300302505493,2.5427184300497174e-4,1.963534850801807e-5,6.424284947570413e-5,0.003987100441008806,0.010414849035441875,0.9855980277061462,0.9996786117553711,3.214518947061151e-4,0.9999151229858398,8.483853162033483e-5,0.0019135168986395001,0.9980864524841309,0.8949419856071472,0.320040225982666,0.23240745067596436,0.01182767003774643,0.25118568539619446,0.04559653252363205,0.0856403186917305,0.038300931453704834,0.00971226580440998,0.00528888450935483,0.9964052438735962,0.003594784066081047,0.955927848815918,0.027934810146689415,0.01613735221326351,0.9764452576637268,0.02178928256034851,5.48439915291965e-4,0.0012169399997219443,1,4.886475579723992e-8
I actually had him for ES3003 Intro Fluid Mechanics at the University of Tulsa which is where he now teaches. The homework was at a great pace and length and the exams were mostly straight from the homework and then a few conceptual/dimensional analysis problems. His office hours were right after lecture which made him very accessible too,0.0017173637170344591,2.366060361964628e-4,5.056234076619148e-4,0.9937865734100342,7.598160300403833e-4,3.685145638883114e-4,0.0012419760460034013,8.449484594166279e-4,5.386281409300864e-4,0.9993938207626343,6.062128813937306e-4,0.9999721050262451,2.7847938326885924e-5,0.5737102031707764,0.18935683369636536,0.2369329184293747,0.23598098754882812,3.8424396188929677e-4,2.752077707555145e-4,0.0023792230058461428,0.129334956407547,6.112136761657894e-4,6.487685022875667e-4,4.571522877085954e-4,4.474692977964878e-4,0.0020682408940047026,0.0017862698296085,3.943211049772799e-4,2.0369506091810763e-4,0.0010906551033258438,2.1186217782087624e-4,0.003241178812459111,1.3973392196930945e-4,0.0011312878923490644,4.932554438710213e-4,9.311908070230857e-5,0.0031122928485274315,0.0014628991484642029,0.018376775085926056,7.205151487141848e-4,1.4884289703331888e-4,4.131415334995836e-4,4.787041980307549e-4,0.5939139127731323,0.9997782111167908,2.2181087115313858e-4,0.5938956141471863,0.40610435605049133,0.9913640022277832,0.00863600056618452,0.9971218705177307,0.0028781481087207794,0.14965316653251648,0.14128844439983368,0.18268615007400513,0.3211838901042938,0.2051883488893509,0.005236105062067509,0.16910868883132935,0.8256551623344421,0.9961601495742798,0.0038398783653974533,0.6816174983978271,0.1257045567035675,0.005469127092510462,4.6486995415762067e-4,0.09029233455657959,0.026963233947753906,0.006811409257352352,0.7324365973472595,0.011857864446938038,0.11507890373468399,0.884921133518219,0.010242151096463203,0.026152318343520164,0.9636056423187256,0.4214884340763092,0.5785115361213684,0.9964711666107178,0.003528865287080407,2.9512195396819152e-5,0.9999704360961914,0.9460066556930542,0.05399332195520401,0.2847822308540344,7.04040052369237e-4,0.002304570749402046,0.0038970159366726875,0.3276412785053253,5.763248773291707e-4,0.003212345764040947,0.3719463050365448,0.001173878670670092,8.243360789492726e-4,0.0029376267921179533,0.01337453443557024,0.9767323136329651,0.0098930848762393,0.9996521472930908,3.478649305179715e-4,0.9999688863754272,3.115163781330921e-5,1.3817872002164222e-7,0.9999998807907104,0.7298842072486877,0.028140148147940636,0.03800095245242119,0.17910510301589966,0.0399760976433754,0.13214091956615448,0.12764889001846313,0.18984679877758026,0.2442440241575241,0.020896976813673973,0.061919569969177246,0.9380804300308228,0.9251617193222046,0.06564562022686005,0.009192608296871185,0.631946861743927,0.36465007066726685,6.742177065461874e-4,0.00272877374663949,1,4.9537792534692926e-8
"The professor was obviously knowledgeable, but the coursework was easy because it consisted of reading quizzes and reflections that did not thoroughly test knowledge. Assignments were graded slowly and with little feedback, which could have been due to the the large class size that made connection difficult even with encouraged participation.",0.001570369815453887,2.8322162688709795e-4,4.7168388846330345e-4,0.9938706159591675,5.615571863017976e-4,3.934738633688539e-4,0.0013985392870381474,8.211154490709305e-4,6.29445887170732e-4,0.9989480376243591,0.0010520443320274353,0.9999717473983765,2.8221396860317327e-5,0.47165241837501526,0.15413250029087067,0.37421509623527527,0.14904387295246124,2.9985958826728165e-4,4.390627727843821e-4,0.0044242218136787415,0.4737277030944824,0.0019747859332710505,7.985887350514531e-4,3.3513811649754643e-4,5.577103001996875e-4,0.0032774750143289566,0.0033442312851548195,4.91199956741184e-4,3.02733649732545e-4,7.226945599541068e-4,3.0380956013686955e-4,0.0032698693685233593,2.2976727632340044e-4,0.0013008082751184702,3.8770237006247044e-4,1.8132553668692708e-4,0.007259415928274393,0.0028717981185764074,0.02450527250766754,0.002074465388432145,2.799753565341234e-4,5.493458593264222e-4,3.8186254096217453e-4,0.3166653513908386,0.999728262424469,2.717190363910049e-4,0.7992965579032898,0.2007034718990326,0.9910117387771606,0.008988325484097004,0.9934658408164978,0.006534180138260126,0.17153923213481903,0.1585564911365509,0.19381889700889587,0.17525070905685425,0.30083468556404114,0.06797599792480469,0.4387781322002411,0.493245929479599,0.9963933825492859,0.0036066228058189154,0.6807734966278076,0.8258653283119202,0.022010743618011475,0.0013272255891934037,0.025053007528185844,0.006412240210920572,0.07231596112251282,0.0305012259632349,0.016514340415596962,0.21752269566059113,0.7824772596359253,0.022821752354502678,0.13122956454753876,0.8459486365318298,0.1802331656217575,0.8197668194770813,0.9914641976356506,0.008535763248801231,0.9999877214431763,1.224530024046544e-5,0.8152298331260681,0.18477016687393188,1.3998118811286986e-4,2.8561076760524884e-5,5.431136742117815e-5,6.194358866196126e-5,2.884120913222432e-4,2.7606838557403535e-5,1.8618353351484984e-4,0.9989942908287048,1.2186772801214829e-4,1.7832642697612755e-5,7.9014127550181e-5,0.011032979935407639,0.09033601731061935,0.8986309170722961,0.99962615966796875,3.738617233466357e-4,0.9999666213989258,3.337829184602015e-5,1.394356274886377e-7,0.9999998807907104,0.01825939305126667,0.02460373379290104,0.06284594535827637,0.04954850673675537,0.058304108679294586,0.22032994031906128,0.16521985828876495,0.33350101113319397,0.07341695576906204,0.012229996733367443,0.31273898482322693,0.6872610449790955,0.949417769908905,0.03365971893072128,0.016922634094953537,0.8283199071884155,0.16863113641738892,7.678732508793473e-4,0.0022810916416347027,1.9259206851529598e-7,0.9999997615814209
Her notes dont match up with the exams or the HWs,0.0044014533050358295,5.654717679135501e-4,0.0013883727369830012,0.9860861301422119,0.001269125728867948,9.352025808766484e-4,0.0025744882877916098,0.0017007404239848256,0.001079067005775869,0.9995753169059753,4.2468516039662063e-4,0.9999561309814453,4.386117871035822e-5,0.2936573028564453,0.15226507186889648,0.5540776252746582,5.20644593052566e-4,4.884456284344196e-4,0.0011684919008985162,0.01672443002462387,0.0055273608304560184,3.388155600987375e-4,0.004608656279742718,3.9772942545823753e-4,3.2349021057598293e-4,0.012356702238321304,0.2885020971298218,7.475684396922588e-4,4.8331203288398683e-4,2.459316747263074e-4,2.1946885681245476e-4,2.520867856219411e-4,1.1463304690551013e-4,3.5782012855634093e-4,2.3511027393396944e-4,1.8957091378979385e-4,8.294173167087138e-4,7.82497736508958e-5,0.007163930218666792,1.7482956172898412e-4,2.0938050874974579e-4,0.0010081534273922443,4.196068912278861e-4,0.6563140153884888,0.999595582485199,4.044186498504132e-4,0.8012610673904419,0.1987389177083969,0.9904932379722595,0.009506830014288425,0.9986019730567932,0.0013980503426864743,0.16969336569309235,0.2787453830242157,0.18716171383857727,0.23374399542808533,0.13065549731254578,0.733687698841095,0.2515067160129547,0.014805613085627556,0.9956491589546204,0.004350872244685888,0.6732609272003174,0.9268319010734558,0.003086204407736659,0.0042228554375469685,0.01914573833346367,0.013259942643344402,0.03198956325650215,8.277255692519248e-4,6.360388360917568e-4,0.8136446475982666,0.18635539710521698,0.005450282711535692,0.04408866539597511,0.9504610896110535,0.9836781024932861,0.016321904957294464,0.9943477511405945,0.005652283784002066,4.4914618229086045e-6,0.9999954700469971,0.9823940992355347,0.017605949193239212,0.003914909902960062,9.580582263879478e-5,0.3185423016548157,0.0019601720850914717,0.008775947615504265,2.9604026349261403e-4,4.289037315174937e-4,0.6648648381233215,5.789656424894929e-4,1.1361252109054476e-4,4.28514089435339e-4,0.06458607316017151,0.4709826111793518,0.46443134546279907,0.9996504783630371,3.494934062473476e-4,0.9999676942825317,3.2335992727894336e-5,2.571355537384079e-7,0.9999997615814209,2.2471739794127643e-4,0.053800519555807114,0.04328734427690506,0.3218384385108948,0.06357767432928085,0.16651445627212524,0.22799664735794067,0.07891903072595596,0.02246633544564247,0.02159958705306053,0.7909047603607178,0.2090952843427658,0.014108740724623203,0.01594814658164978,0.9699431657791138,0.15663282573223114,0.8373359441757202,7.201388943940401e-4,0.005311176646500826,1,2.3847551489097896e-8
"She goes through alot of material but her test focus mostly on her notes , she has class discussions and in those you talk about book but there are no test questions on the book . If you skim over the notes you should be good .",0.0016009380342438817,2.5737908435985446e-4,5.43376780115068e-4,0.9938399195671082,6.016988190822303e-4,3.491516981739551e-4,0.0013782823225483298,8.461825782433152e-4,5.832259193994105e-4,0.0057668909430503845,0.9942330718040466,0.9999649524688721,3.508456575218588e-5,0.5782263875007629,0.18157859146595,0.24019499123096466,0.004639453254640102,1.435229496564716e-4,1.1731185804819688e-4,0.0010395569261163473,0.06345676630735397,0.001241937279701233,5.369396531023085e-4,2.4525506887584925e-4,6.817138637416065e-4,5.67621027585119e-4,0.0016781397862359881,1.5524898481089622e-4,4.0909970266511664e-5,3.335910732857883e-4,1.0683658183552325e-4,6.345993606373668e-4,4.406021980685182e-5,2.663663763087243e-4,1.3815979764331132e-4,5.536443495657295e-5,0.013146772049367428,2.0815640164073557e-4,0.004031640011817217,2.891542389988899e-4,6.106097862357274e-5,1.3331019727047533e-4,1.1548616748768836e-4,0.9058910012245178,0.9997429251670837,2.5705029838718474e-4,0.5372216701507568,0.4627783000469208,0.9915416836738586,0.008458350785076618,0.9980446100234985,0.0019553944002836943,0.2257450968027115,0.17371481657028198,0.12650901079177856,0.2101520299911499,0.26387906074523926,0.0963786393404007,0.7794187664985657,0.12420256435871124,0.9964720010757446,0.0035280657466500998,0.6786016225814819,0.5944365859031677,0.004320687148720026,8.391613373532891e-4,0.01539670117199421,0.007018911186605692,0.3411509394645691,0.031020047143101692,0.005816959775984287,0.12067113071680069,0.8793289065361023,0.003435644553974271,0.019492777064442635,0.9770715832710266,0.880107581615448,0.119892418384552,0.9954968690872192,0.004503174219280481,0.5654880404472351,0.4345119595527649,0.9777117967605591,0.022288160398602486,0.003597348928451538,1.7678120639175177e-4,0.6585615277290344,5.475018988363445e-4,0.003085444215685129,4.3911614920943975e-4,1.9161384261678904e-4,0.33281970024108887,2.2093458392191678e-4,9.44053172133863e-5,2.656623546499759e-4,0.011930202133953571,0.9682448506355286,0.019824914634227753,0.9996695518493652,3.304726560600102e-4,0.9999691247940063,3.083135015913285e-5,1.0069590643979609e-5,0.9999899864196777,0.0020110884215682745,0.03221799060702324,0.05370164290070534,0.06064797192811966,0.053383566439151764,0.14360475540161133,0.12924860417842865,0.3124602437019348,0.2030653953552246,0.011669840663671494,0.8503758907318115,0.14962410926818848,0.8893992304801941,0.10399994254112244,0.006600889377295971,0.028619129210710526,0.9693540930747986,3.1926800147630274e-4,0.0017075426876544952,1.315126940681921e-8,1
Professor Silva has been my favorite professor at FIU so far! He is so sweet and has a great sense of humor keeping the class interesting. If you follow his instructions and do you part you will definitely pass the class. He puts you in groups and that's very helpful. Has great reviews for the midterm and final!,0.0019026719965040684,2.6884174440056086e-4,5.716680316254497e-4,0.9935817718505859,6.07066962402314e-4,3.707271534949541e-4,0.0012435226235538721,8.836575434543192e-4,5.699943867512047e-4,0.99852752685546875,0.001472399104386568,0.9999697208404541,3.0326928026624955e-5,0.3119659423828125,0.1492277979850769,0.5388062596321106,0.9602019190788269,3.393992956262082e-4,1.0153452603844926e-4,2.918448008131236e-4,0.022279761731624603,0.001706812996417284,1.5794001228641719e-4,1.4748606190551072e-4,2.396064082859084e-4,1.5860094572417438e-4,4.734430694952607e-4,4.624839129974134e-5,2.213638617831748e-5,5.798240308649838e-4,4.0836679545463994e-5,8.528406033292413e-4,3.627125988714397e-5,0.0018952882383018732,0.0022331865038722754,2.507764111214783e-5,0.004376514349132776,5.63931418582797e-4,5.963697331026196e-4,1.997138897422701e-4,3.674129402497783e-5,8.691220136824995e-5,8.142337173921987e-5,0.002228323370218277,0.9997405409812927,2.5950936833396554e-4,0.8777286410331726,0.1222713440656662,0.9912900924682617,0.008709902875125408,0.996787428855896,0.003212540876120329,0.2272196263074875,0.13526469469070435,0.2052852064371109,0.15708930790424347,0.2751412093639374,0.004788882564753294,0.01291562058031559,0.9822955131530762,0.9962207674980164,0.003779294900596142,0.6851170659065247,0.4434376060962677,0.009098835289478302,0.003059214446693659,0.010686669498682022,0.5308865308761597,0.0012506496859714389,6.847232580184937e-4,8.957702084444463e-4,0.23834989964962006,0.761650025844574,0.005016720853745937,0.018220635131001472,0.9767627120018005,0.9165232181549072,0.0834767296910286,0.9966796636581421,0.0033203314524143934,0.9996418952941895,3.581510973162949e-4,0.991643488407135,0.008356497623026371,5.724349175579846e-4,8.875809726305306e-5,6.692526221740991e-5,1.3662624405696988e-4,0.00514305429533124,1.6083114314824343e-4,3.286877472419292e-4,0.993064820766449,2.100023557431996e-4,1.0535058390814811e-4,1.2259880895726383e-4,0.15278224647045135,0.8416564464569092,0.005561290308833122,0.9997426867485046,2.573411329649389e-4,0.9999713897705078,2.8577780540217645e-5,1.3877474884793628e-6,0.9999985694885254,0.9996656179428101,0.048057444393634796,0.05942607671022415,0.04890081658959389,0.052668385207653046,0.06428071111440659,0.05366967245936394,0.15713931620121002,0.5005757212638855,0.015281853266060352,0.9075195789337158,0.09248046576976776,0.9855980277061462,0.010958249680697918,0.0034436641726642847,0.9308179020881653,0.06661909818649292,6.175007438287139e-4,0.0019455221481621265,0.9999998807907104,6.813349529011248e-8
"Professor Duarte is great. I enjoyed taking this class and learned so much from it. At the beginning, you might think it's complected but it will keep getting easier. He responses to emails very quickly. I would take him again for sure!",0.001589735853485763,2.7106725610792637e-4,5.473584751598537e-4,0.9932752847671509,7.084465469233692e-4,3.882859309669584e-4,0.0016150047304108739,9.575364529155195e-4,6.47196953650564e-4,0.9992200136184692,7.799783488735557e-4,0.9999403953552246,5.9559813962550834e-5,0.4525764584541321,0.17038866877555847,0.37703490257263184,0.443042516708374,0.01015883032232523,3.1052151462063193e-4,9.07723035197705e-4,0.026432562619447708,0.003710197051987052,4.908218397758901e-4,3.3824407728388906e-4,8.406490669585764e-4,4.775451961904764e-4,9.808201575651765e-4,1.2834409426432103e-4,1.223816943820566e-4,0.005116488318890333,1.7519385437481105e-4,0.004227849654853344,2.1359841048251837e-4,0.47013238072395325,0.0025354737881571054,2.0847120322287083e-4,0.013976690359413624,0.004509962163865566,0.002272411249577999,0.004542019218206406,1.3556807243730873e-4,3.2747135264799e-4,3.3051392529159784e-4,0.003354727989062667,0.9997770190238953,2.2302688739728183e-4,0.9138091206550598,0.08619090914726257,0.9909349083900452,0.0090651148930192,0.9916091561317444,0.008390829898416996,0.22102229297161102,0.23712874948978424,0.17030790448188782,0.2286999225616455,0.1428411304950714,0.00569021375849843,0.012935924343764782,0.9813738465309143,0.9963248372077942,0.003675140906125307,0.684296190738678,0.8975041508674622,0.002689868677407503,0.0016272582579404116,0.019045652821660042,0.0553743913769722,0.005293704103678465,0.010988226160407066,0.007476715836673975,0.5544291138648987,0.44557085633277893,0.005056908819824457,0.02435995824635029,0.9705830812454224,0.6944277882575989,0.30557218194007874,0.9956629872322083,0.004337008576840162,0.0010488899424672127,0.9989510774612427,0.991692304611206,0.008307665586471558,0.003162189619615674,1.827629457693547e-4,2.2840207384433597e-4,5.379386711865664e-4,0.012970716692507267,5.224606720730662e-4,0.001365556730888784,0.9795311689376831,9.028568165376782e-4,3.168010734952986e-4,2.790458966046572e-4,0.2276564985513687,0.7681359052658081,0.004207536578178406,0.9996463060379028,3.536288277246058e-4,0.9999748468399048,2.513838990125805e-5,0.037514135241508484,0.9624858498573303,0.9996187686920166,0.042163651436567307,0.055183377116918564,0.061887260526418686,0.05852707475423813,0.09403785318136215,0.08846773207187653,0.17724350094795227,0.4109320044517517,0.011557575315237045,0.689189076423645,0.31081095337867737,0.983121931552887,0.012151587754487991,0.004726503975689411,0.9518712162971497,0.04587894678115845,5.997393745929003e-4,0.0016501304926350713,0.9999998807907104,1.3223601058598433e-7
He is a good teacher. Some of us try to blame our professors for our misery. You need to read.,0.010978912934660912,7.475487655028701e-4,0.0019355954136699438,0.9741858243942261,0.001093644299544394,8.731341222301126e-4,0.0059000300243496895,0.0028255372308194637,0.0014597034314647317,0.0024246915709227324,0.9975753426551819,0.9998082518577576,1.9181794777978212e-4,0.3325815200805664,0.18452690541744232,0.48289158940315247,0.8703491687774658,2.2703448485117406e-4,0.0015952239045873284,0.009296716190874577,0.04478604719042778,0.0059355818666517735,8.184505277313292e-4,5.33097016159445e-4,7.40127288736403e-4,0.012505477294325829,0.014304269105196,0.0010817289585247636,0.00034034522832371294,2.5668833404779434e-4,3.6624286440201104e-4,0.001033036969602108,5.453519406728446e-4,3.7151857395656407e-4,6.230016006156802e-4,2.4997981381602585e-4,0.003840163815766573,9.084726916626096e-4,0.005733932368457317,5.942321731708944e-4,4.4259493006393313e-4,0.004931262694299221,1.5428989718202502e-4,0.01743604987859726,0.9996059536933899,3.940564638469368e-4,0.5513837337493896,0.4486162066459656,0.9693785309791565,0.030621536076068878,0.9120762348175049,0.08792376518249512,0.16784274578094482,0.2546933889389038,0.1894778311252594,0.22108548879623413,0.16690057516098022,0.21133457124233246,0.36613091826438904,0.4225344657897949,0.9887108206748962,0.01128919143229723,0.6792821288108826,0.15869618952274323,0.019849782809615135,0.0018110419623553753,0.15668067336082458,0.6416799426078796,0.0068329861387610435,0.013996206223964691,4.532262100838125e-4,0.8171070218086243,0.18289296329021454,0.0030750776641070843,0.05122075974941254,0.9457041025161743,0.448616087436676,0.551383912563324,0.9945711493492126,0.005428884644061327,0.004059239290654659,0.9959408044815063,0.9923005104064941,0.007699515670537949,8.585411706008017e-4,4.323991743149236e-5,5.717187304981053e-4,1.45720288855955e-4,0.0015947390347719193,1.0613404447212815e-4,4.610274627339095e-4,0.9951125979423523,5.778335616923869e-4,2.9999528123880737e-5,4.985130508430302e-4,0.0028068083338439465,0.00661817379295826,0.9905750751495361,0.9996923208236694,3.0775953200645745e-4,0.9997195601463318,2.8040341567248106e-4,0.9999997615814209,1.879207047750242e-7,0.9994400143623352,0.3101130723953247,0.16358479857444763,0.04592213034629822,0.20568235218524933,0.05994569882750511,0.09699472039937973,0.06429371237754822,0.034439314156770706,0.019024142995476723,0.9949468970298767,0.005053082015365362,0.8369896411895752,0.13928155601024628,0.023728854954242706,0.9826343655586243,0.014889754354953766,7.331796805374324e-4,0.0017426880076527596,0.9999980926513672,1.9617100406321697e-6
"The course itself was easy, there was only one assignment due every week, and a discussion. It was completely online, but look ahead of the assignments because some of them require viewing an in-person music performance and writing about the experience.",0.0015561591135337949,2.7497258270159364e-4,4.757727147080004e-4,0.9935398697853088,6.245188415050507e-4,4.0778444963507354e-4,0.0015925240004435182,9.082355536520481e-4,6.201367941685021e-4,0.9994446635246277,5.553081282414496e-4,0.999972939491272,2.7056266844738275e-5,0.5681815147399902,0.21751046180725098,0.2143080234527588,0.0022488797549158335,2.924641303252429e-4,1.563715486554429e-4,0.0014111170312389731,0.18938545882701874,0.006201994605362415,8.95220204256475e-4,4.926750552840531e-4,0.001296894857659936,7.707457989454269e-4,0.0014963583089411259,1.5351720503531396e-4,1.2020080612273887e-4,0.0013290192000567913,3.7425372283905745e-4,9.148735553026199e-4,1.1102834832854569e-4,0.001300896517932415,2.2580874792765826e-4,3.564939252100885e-4,0.021112872287631035,5.17759588547051e-4,0.019393693655729294,0.0019192270701751113,1.5033055387903005e-4,2.982084406539798e-4,2.5556341279298067e-4,0.7468180656433105,0.9997345805168152,2.654653217177838e-4,0.8824744820594788,0.1175255998969078,0.9907174706459045,0.00928256195038557,0.9919459223747253,0.008054063655436039,0.30472883582115173,0.2002490758895874,0.156236931681633,0.1732889711856842,0.16549624502658844,0.009935769252479076,0.26741182804107666,0.7226524353027344,0.9962739944458008,0.0037259983364492655,0.6796187162399292,0.7690334916114807,0.008947297930717468,6.347106536850333e-4,0.131694033741951,0.05263512581586838,0.0019978478085249662,0.027504660189151764,0.007552883122116327,0.18178214132785797,0.8182178139686584,0.0031846691854298115,0.0187396127730608,0.9780756831169128,0.9071440696716309,0.09285593032836914,0.9953984618186951,0.0046015409752726555,0.9999738931655884,2.6086670914082788e-5,0.9940099716186523,0.00599003816023469,4.584599519148469e-4,9.651434083934873e-5,4.748378414660692e-4,0.0033188292291015387,6.463095196522772e-4,3.7205067928880453e-4,1.915755565278232e-4,0.9940668344497681,2.2361766605172306e-4,4.725125108961947e-5,1.0366808419348672e-4,0.02316160500049591,0.939589262008667,0.0372491255402565,0.9997679591178894,2.3201048315968364e-4,0.9999547004699707,4.5342661906033754e-5,1.7742738123160962e-7,0.9999998807907104,5.542556173168123e-4,0.024064626544713974,0.05928194150328636,0.04183921962976456,0.06264937669038773,0.1770710051059723,0.14800497889518738,0.35575032234191895,0.12053792923688889,0.010800558142364025,0.7754560112953186,0.2245440036058426,0.9101467728614807,0.08111697435379028,0.008736200630664825,0.9145613312721252,0.08325638622045517,5.810386501252651e-4,0.00160131324082613,0.9999997615814209,2.3359869771866215e-7
"This was an early morning class, so maybe it took her a few hours to get her head in the game, but her examples always seemed kinda off. A lot of us didn't really get her, it seems like she had a vague interest in how well we did. I have to say she was better one on one.",0.0019219417590647936,3.914977132808417e-4,8.390002767555416e-4,0.98897385597229,9.228127310052514e-4,5.643764161504805e-4,0.0037984922528266907,0.0015266898553818464,0.0010612420737743378,0.999056875705719,9.431478101760149e-4,0.9999696016311646,3.0424955184571445e-5,0.4231503903865814,0.2168489396572113,0.3600006103515625,0.00660638976842165,1.583397388458252e-4,2.6003093807958066e-4,0.006675007287412882,0.015531303361058235,3.252806782256812e-4,0.0019933232106268406,2.946935419458896e-4,4.5799254439771175e-4,0.0367424301803112,0.012226023711264133,5.221005412749946e-4,5.846736021339893e-4,2.5995157193392515e-4,1.3953405141364783e-4,6.546462536789477e-4,1.7777930770535022e-4,2.9151703347451985e-4,2.635126584209502e-4,1.740631414577365e-4,0.003058980219066143,3.8300902815535665e-4,0.022938372567296028,5.196555284783244e-4,3.7772516952827573e-4,9.976382134482265e-4,4.4668038026429713e-4,0.886939287185669,0.999636173248291,3.638171765487641e-4,0.9199883341789246,0.08001168817281723,0.9913769960403442,0.00862295925617218,0.9960730075836182,0.003926962148398161,0.1678001582622528,0.2035921961069107,0.2701370418071747,0.21831253170967102,0.14015807211399078,0.5063315629959106,0.4316062331199646,0.062062159180641174,0.9960344433784485,0.003965515643358231,0.6830976605415344,0.03345068171620369,0.0034600042272359133,1.1634743714239448e-4,0.06759052723646164,0.008589058183133602,0.021015822887420654,0.8613864183425903,0.004391109570860863,0.8262739777565002,0.17372603714466095,0.0032737781293690205,0.03167419880628586,0.96505206823349,0.06378790736198425,0.9362120628356934,0.9956803321838379,0.004319697618484497,0.9971569776535034,0.0028430302627384663,0.9733753204345703,0.026624713093042374,1.2157492164988071e-4,9.423299161426257e-6,0.9992873072624207,3.296386785223149e-5,9.562566265230998e-5,2.626064269861672e-5,3.709353040903807e-5,9.581334597896785e-5,1.6977984341792762e-4,8.661460014991462e-6,1.1556579556781799e-4,0.0617813803255558,0.24040697515010834,0.6978116631507874,0.9994198083877563,5.801751976832747e-4,0.9999041557312012,9.585201041772962e-5,2.3722406695014797e-5,0.9999762773513794,0.40070682764053345,0.017131157219409943,0.02780732326209545,0.1771012395620346,0.020102176815271378,0.17896178364753723,0.1745167225599289,0.23145045340061188,0.15315057337284088,0.019778570160269737,0.15323224663734436,0.8467677235603333,0.9790806174278259,0.010966343805193901,0.009952977299690247,0.9435850381851196,0.05422530695796013,6.645718240179121e-4,0.0015250606229528785,3.897289570886642e-5,0.9999610185623169
"Don't be scared by what people say, Zellmer is great and really wants to see students succeed. Yes, Sunday quizzes aren't the best but they help to prep for exams, and yes there are a lot of emails every day. He covers a lot in lecture so skipping is gonna set you back big time. He's tough but he also clearly loves teaching.",0.001643885625526309,2.608208160381764e-4,5.306140519678593e-4,0.9937337040901184,6.048610084690154e-4,3.650747530627996e-4,0.001374432467855513,9.060240117833018e-4,5.805660621263087e-4,0.9957483410835266,0.004251654725521803,0.9999613761901855,3.8638147088931873e-5,0.4997764527797699,0.1759251207113266,0.3242984712123871,0.6632101535797119,1.2576156586874276e-4,0.001284232595935464,0.00375681952573359,0.1785360723733902,0.06251092255115509,5.673702107742429e-4,4.7831772826611996e-4,0.003921380266547203,0.004038703627884388,0.010522724129259586,5.057660746388137e-4,1.5233762678690255e-4,0.0012001626892015338,0.0014123318251222372,0.0011217042338103056,4.5771204167976975e-4,9.429631172679365e-4,0.010133207775652409,7.219307008199394e-4,0.017409387975931168,0.002681694459170103,0.0037468888331204653,0.0013475646264851093,4.011933342553675e-4,0.002220591064542532,1.9637450168374926e-4,0.026395786553621292,0.9996805191040039,3.194590099155903e-4,0.7760424613952637,0.22395746409893036,0.9914417862892151,0.00855820532888174,0.9977604150772095,0.002239607274532318,0.13063283264636993,0.25550729036331177,0.22830305993556976,0.19608540832996368,0.18947142362594604,0.03502717241644859,0.152653306722641,0.8123195767402649,0.9964473843574524,0.003552589798346162,0.6855490207672119,0.006617697887122631,0.004638276528567076,1.6346704796887934e-4,0.050326842814683914,0.02764926478266716,0.002919822232797742,0.9030565619468689,0.0046281772665679455,0.3599003255367279,0.6400997042655945,0.0034776979591697454,0.015929747372865677,0.9805926084518433,0.9134153127670288,0.08658464252948761,0.9969325065612793,0.0030674694571644068,7.652928616153076e-6,0.99999237060546875,0.9927858710289001,0.007214148063212633,3.912434622179717e-4,0.0011808862909674644,6.822014693170786e-4,0.3734951615333557,0.004310131072998047,0.001048242673277855,0.009136290289461613,0.6064742207527161,7.617968367412686e-4,7.689762860536575e-4,0.0017508941236883402,0.03240997716784477,0.831464946269989,0.13612505793571472,0.9993460774421692,6.539124296978116e-4,0.9998452663421631,1.5468015044461936e-4,2.439535364828771e-7,0.9999997615814209,0.9993695616722107,0.05462335795164108,0.05949292704463005,0.06738480925559998,0.055034466087818146,0.07044555246829987,0.07349234819412231,0.1619701087474823,0.43875932693481445,0.018797142431139946,0.9935395121574402,0.006460465025156736,0.9835367798805237,0.013367989100515842,0.0030952473171055317,0.9413669109344482,0.05690435320138931,5.106779281049967e-4,0.0012180361663922668,1,3.713380891667839e-8
"Professor Soffer, while at times can be a bit unclear, did a great job of teaching linear algebra. She uses PowerPoint, which is not as bad as it may seem. Tests and quizzes are straightforward and fair. As long as you attend class, take notes, and do practice problems (i.e. the homework), you will find the class easy.",0.0015473923413082957,2.519993286114186e-4,4.501669609453529e-4,0.9942611455917358,5.608705105260015e-4,3.394294180907309e-4,0.0012730078306049109,7.768839132040739e-4,5.390172591432929e-4,0.9986737966537476,0.0013262471184134483,0.9999707937240601,2.917616984632332e-5,0.3778882324695587,0.22928185760974884,0.39282992482185364,0.5375640392303467,2.675720024853945e-4,2.5415924028493464e-4,0.0014064834685996175,0.32963865995407104,0.006042919587343931,0.0013519474305212498,8.044993737712502e-4,9.072643588297069e-4,9.401501738466322e-4,0.0035630722995847464,2.0098198729101568e-4,7.881328201619908e-5,0.0010499672498553991,2.0533679344225675e-4,0.006171009503304958,1.2704863911494613e-4,0.001054134569130838,6.349280010908842e-4,9.047257481142879e-5,0.03440110757946968,0.0014319763286039233,0.006118987686932087,9.439365239813924e-4,1.6549705469515175e-4,2.6769936084747314e-4,3.554995928425342e-4,0.06396189332008362,0.9997724890708923,2.27530108531937e-4,0.8490907549858093,0.15090927481651306,0.9911606907844543,0.00883934274315834,0.9976048469543457,0.0023951707407832146,0.22296950221061707,0.1636614203453064,0.2279680073261261,0.2604409456253052,0.12496010959148407,0.014892768114805222,0.1409747451543808,0.8441324234008789,0.9964117407798767,0.003588320454582572,0.6831833124160767,0.03998482599854469,0.005172285251319408,0.004931329283863306,0.11606277525424957,0.0831105038523674,0.06759095191955566,0.677513599395752,0.005633764434605837,0.20433273911476135,0.7956672310829163,0.007162170950323343,0.024862367659807205,0.9679754376411438,0.7786905169487,0.22130945324897766,0.9912021160125732,0.0087978420779109,1.5028941561467946e-4,0.9998496770858765,0.9953625202178955,0.004637452773749828,0.002763777505606413,7.442491187248379e-5,0.05683402344584465,4.225556331221014e-4,0.003656158922240138,2.84895533695817e-4,1.9280784181319177e-4,0.9348090291023254,3.3357986831106246e-4,1.0041773930424824e-4,5.281965131871402e-4,0.077788807451725,0.8465132713317871,0.07569796591997147,0.9995591044425964,4.408695094753057e-4,0.9999659061431885,3.406757605262101e-5,4.0870617112886976e-7,0.9999996423721313,0.9991826415061951,0.03546154499053955,0.09319840371608734,0.017592014744877815,0.19918780028820038,0.12231988459825516,0.074399434030056,0.3456074595451355,0.10206972062587738,0.010163658298552036,0.8124139904975891,0.18758605420589447,0.9824942946434021,0.014285802841186523,0.0032199081033468246,0.9711452722549438,0.027536913752555847,3.8358193705789745e-4,9.34345240239054e-4,2.0318640991945358e-8,1
"Do not take this genetics class. There are plenty of other professors that truly care about your success. Fischer is not one of them. Lectures are completely conceptual, while exams (make up your whole grade) are all application. She provides zero study/review resources and only assigns homework (not for a grade). She gives zero partial credit. ",0.0017353823641315103,2.4204124929383397e-4,5.159790744073689e-4,0.9943230152130127,5.120112327858806e-4,3.091656544711441e-4,0.0010528276907280087,7.775063277222216e-4,5.321472999639809e-4,0.9974775910377502,0.0025224655400961637,0.9999574422836304,4.258667104295455e-5,0.5495526194572449,0.19860707223415375,0.2518402934074402,0.003236440708860755,4.844812210649252e-4,0.007111937738955021,0.042249031364917755,0.06861627846956253,0.10419680178165436,9.051261004060507e-4,4.851113772019744e-4,0.0013148424914106727,0.004037909209728241,0.21519310772418976,8.789066923782229e-4,4.083010135218501e-4,4.41232870798558e-4,4.478149057831615e-4,0.0026615688111633062,4.2293971637263894e-4,0.001061963033862412,0.0010823343181982636,3.974041319452226e-4,0.0047088204883039,5.402211681939662e-4,0.008375516161322594,0.001790131675079465,4.890912096016109e-4,0.0017385102109983563,2.1306410781107843e-4,0.5265111327171326,0.9993757605552673,6.242626695893705e-4,0.30251792073249817,0.6974821090698242,0.9914531707763672,0.008546868339180946,0.9886670708656311,0.011332940310239792,0.24684423208236694,0.17851334810256958,0.15708182752132416,0.1881529986858368,0.22940760850906372,0.9022053480148315,0.08792122453451157,0.009873427450656891,0.9964662790298462,0.003533711191266775,0.6838476061820984,0.04025847464799881,0.009998164139688015,3.0349980806931853e-4,0.029613060876727104,0.015392191708087921,0.032712969928979874,0.8163073658943176,0.055414218455553055,0.1601267158985138,0.8398732542991638,0.013437284156680107,0.07722092419862747,0.9093418121337891,0.5257430672645569,0.4742569029331207,0.9844779968261719,0.015522030182182789,1.133664591179695e-5,0.9999886751174927,0.9927335977554321,0.007266353815793991,0.007382960990071297,2.848064177669585e-4,0.3191610276699066,2.884493151213974e-4,0.034832026809453964,5.666385986842215e-4,4.1004380909726024e-4,0.6353145837783813,4.895288730040193e-4,2.837961947079748e-4,9.86124505288899e-4,0.002789714140817523,0.031076647341251373,0.9661336541175842,0.9995530247688293,4.470019193831831e-4,0.9993348717689514,6.651525036431849e-4,5.886698417612024e-8,1,0.0014102241257205606,0.05810736492276192,0.09919305145740509,0.010319464839994907,0.47425514459609985,0.1096518337726593,0.086811065673828125,0.13415102660655975,0.01939881592988968,0.008112291805446148,0.99097740650177,0.009022633545100689,0.012044080533087254,0.9695871472358704,0.018368804827332497,0.39264175295829773,0.604408323764801,6.764712161384523e-4,0.002273396821692586,7.576493885608215e-7,0.9999992847442627
The class itself is very easy. She is a wonderful teacher and is always there if you need help! Her class is never boring (unlike most math classes) thanks to her quirky personality. I would recommend her for any math class you need to take at UCF. Great teacher!,0.0018813667120411992,2.7618667809292674e-4,5.574279348365963e-4,0.9935024380683899,6.77461561281234e-4,3.8071253220550716e-4,0.0011889827437698841,9.516366408206522e-4,5.837634089402854e-4,0.2587447166442871,0.7412552833557129,0.9999665021896362,3.3505475585116073e-5,0.42601072788238525,0.19128389656543732,0.3827053904533386,0.851582407951355,1.0404878412373364e-4,1.5141117910388857e-4,5.492189084179699e-4,0.007523362524807453,6.578398169949651e-4,2.784726384561509e-4,2.3355765733867884e-4,1.9157203496433794e-4,2.8462737100198865e-4,9.306628489866853e-4,1.4975498197600245e-4,5.162778325029649e-5,4.2258502799086273e-4,8.020746463444084e-5,0.13133367896080017,6.284481787588447e-5,3.77477117581293e-4,3.2794984872452915e-4,2.525380659790244e-5,0.0011217312421649694,4.4672409421764314e-4,8.437232463620603e-4,1.9988561689388007e-4,8.384740795008838e-5,2.0330036932136863e-4,1.6108661657199264e-4,0.0016211076872423291,0.9997796416282654,2.20323825487867e-4,0.9279657602310181,0.0720343142747879,0.9915704727172852,0.00842954684048891,0.9980600476264954,0.0019399787997826934,0.15306657552719116,0.1950341910123825,0.200715109705925,0.2533710300922394,0.19781307876110077,0.004227576311677694,0.01837819069623947,0.9773942232131958,0.9959062337875366,0.004093732684850693,0.6859831213951111,0.7626567482948303,0.006247838027775288,4.6700879465788603e-4,0.0518440417945385,0.015328872948884964,0.009077448397874832,0.12304426729679108,0.03133383393287659,0.46650978922843933,0.5334901809692383,0.004818894900381565,0.014816871844232082,0.9803643226623535,0.910637617111206,0.08936242759227753,0.9966418743133545,0.0033581547904759645,0.9450101852416992,0.05498981103301048,0.9941775798797607,0.005822401959449053,0.013061251491308212,1.8907236517407e-4,0.554922878742218,4.1265980689786375e-4,0.02717636711895466,8.273448911495507e-4,8.855138439685106e-4,0.3988947570323944,0.0020253420807421207,6.648279668297619e-5,0.0015383514109998941,0.5425898432731628,0.44664937257766724,0.010760792531073093,0.9996066689491272,3.933415573555976e-4,0.9999699592590332,3.008794374181889e-5,0.009360810741782188,0.9906392097473145,0.9996254444122314,0.08820132911205292,0.06166744604706764,0.08330126851797104,0.0580378957092762,0.061406031250953674,0.05621063709259033,0.1066293865442276,0.46120116114616394,0.023344796150922775,0.823510468006134,0.17648954689502716,0.9854271411895752,0.011159517802298069,0.003413390601053834,0.9741460084915161,0.02295045182108879,7.903449004516006e-4,0.002113159280270338,2.6895486371358857e-5,0.9999730587005615
Took too long to grade research papers and barely responded to emails. There was a total of 6 six papers that had to be turned in and only of them was posted by the end of the semester.,0.0017525709699839354,2.8982534422539175e-4,5.193074466660619e-4,0.993511974811554,5.258866003714502e-4,3.7784999585710466e-4,0.0014944507274776697,8.631686796434224e-4,6.650099530816078e-4,0.9931168556213379,0.006883069407194853,0.9999384880065918,6.15610770182684e-5,0.46777665615081787,0.2157008945941925,0.316522479057312,8.857440552674234e-4,5.463404231704772e-4,0.002894901903346181,0.12579721212387085,0.00492688175290823,4.366696812212467e-4,0.0014786269748583436,8.134085219353437e-4,0.0018726460402831435,0.4124281406402588,0.03126876428723335,0.0024760854430496693,0.0038697950076311827,6.305442657321692e-4,3.269742301199585e-4,5.148956552147865e-4,5.120401037856936e-4,7.166605209931731e-4,3.615104069467634e-4,7.653303327970207e-4,0.0018219677731394768,2.989635686390102e-4,0.015885546803474426,6.81706122122705e-4,0.0013097573537379503,0.009950298815965652,0.0015179748879745603,0.37501057982444763,0.9997084736824036,2.914473006967455e-4,0.8307002782821655,0.16929976642131805,0.9911126494407654,0.0088873989880085,0.9852837324142456,0.014716302044689655,0.21254883706569672,0.22088587284088135,0.12678004801273346,0.22292713820934296,0.21685810387134552,0.8895422220230103,0.10346576571464539,0.006992108654230833,0.9958283305168152,0.004171700216829777,0.6782875061035156,0.22918051481246948,0.03281437233090401,0.0012671927688643336,0.2815326154232025,0.14668798446655273,0.1192404106259346,0.18740496039390564,0.0018719949293881655,0.10082729160785675,0.8991727232933044,0.005221412517130375,0.06487853825092316,0.929900050163269,0.9741277098655701,0.025872329249978065,0.9953775405883789,0.004622408654540777,0.9999778270721436,2.211406535934657e-5,0.754996120929718,0.24500390887260437,6.147673120722175e-4,1.7699964519124478e-4,3.874245157931e-4,0.23747733235359192,0.0011696062283590436,2.1814349747728556e-4,9.85278282314539e-4,0.7581831812858582,1.3629945169668645e-4,1.0065477545140311e-4,5.502499407157302e-4,0.013655728660523891,0.174923837184906,0.8114204406738281,0.99973064661026,2.693794958759099e-4,0.9998519420623779,1.4800405187997967e-4,1.7936494600689912e-7,0.9999997615814209,3.9116357220336795e-4,0.06946512311697006,0.10245727002620697,0.08413348346948624,0.11264578253030777,0.17511692643165588,0.2790958285331726,0.12640199065208435,0.03866599500179291,0.012017541565001011,0.5546638369560242,0.4453361928462982,0.020709188655018806,0.7561879754066467,0.22310280799865723,0.2390516847372055,0.7492932677268982,0.0018042955780401826,0.00985066406428814,0.999998927116394,1.0809687864821171e-6
